1A-FE-34-9E-34-98,1AFE349E3498,18-FE-34-9E-34-98,18FE349E3498
1A-FE-34-9E-34-98,1AFE349E3498,18-FE-34-9E-34-98,18FE349E3498
1A-FE-34-9E-34-98,1AFE349E3498,18-FE-34-9E-34-98,18FE349E3498
1A-FE-34-9E-34-98,1AFE349E3498,18-FE-34-9E-34-98,18FE349E3498
1A-FE-34-9E-34-98,1AFE349E3498,18-FE-34-9E-34-98,18FE349E3498
1A-FE-34-9E-34-98,1AFE349E3498,18-FE-34-9E-34-98,18FE349E3498
1A-FE-34-A0-A0-66,1AFE34A0A066,18-FE-34-A0-A0-66,18FE34A0A066
1A-FE-34-A0-A0-66,1AFE34A0A066,18-FE-34-A0-A0-66,18FE34A0A066
1A-FE-34-A0-A0-7A,1AFE34A0A07A,18-FE-34-A0-A0-7A,18FE34A0A07A
1A-FE-34-A0-A0-7A,1AFE34A0A07A,18-FE-34-A0-A0-7A,18FE34A0A07A
1A-FE-34-A0-A0-7A,1AFE34A0A07A,18-FE-34-A0-A0-7A,18FE34A0A07A
1A-FE-34-A0-A0-7A,1AFE34A0A07A,18-FE-34-A0-A0-7A,18FE34A0A07A
